model,accuracy,precision_macro,recall_macro,f1_macro
LSTM,0.5388,0.5314061030067307,0.5388,0.5328959468588511
Bi-LSTM,0.5434,0.551147760111087,0.5433999999999999,0.5446342183571915
BERT,0.6502,0.6486355349874905,0.6502000000000001,0.6484205654388381
RoBERTa,0.6688,0.6653059695052649,0.6687999999999998,0.6659012602505332
